Bracket Type=2,,,,,,,,,,,
File Name,Path,Instrument Method,Comment,Sample ID,Sample Name,Position,Inj Vol,Process Method,L3 BioSequence,L4 ZNova Params,L5 Target Info
412060-137-700,C:\Xcalibur\data\Novatia\030915\p1,C:\Xcalibur\methods\oligo_htcs,,C_355,A1,CStk1-01:1,20,C:\Xcalibur\methods\oligo_htcs,CCT GCA TCG AAT GGA TCC GTG TGA TGC TCG CAG CTG CGC,-F 1000 -L +2000,sequence=idt
412060-138-700,C:\Xcalibur\data\Novatia\030915\p1,C:\Xcalibur\methods\oligo_htcs,,C_356,A2,CStk1-01:2,20,C:\Xcalibur\methods\oligo_htcs,CCT GCA TCG AAT GGA TCC GTG GCG AAC ACG CAG CTG CGC,-F 1000 -L +2000,sequence=idt
412060-139-700,C:\Xcalibur\data\Novatia\030915\p1,C:\Xcalibur\methods\oligo_htcs,,C_357,A3,CStk1-01:3,20,C:\Xcalibur\methods\oligo_htcs,CCT GCA TCG AAT GGA TCC GTG TCG AGA ACG CAG CTG CGC,-F 1000 -L +2000,sequence=idt
412060-140-700,C:\Xcalibur\data\Novatia\030915\p1,C:\Xcalibur\methods\oligo_htcs,,C_358,A4,CStk1-01:4,20,C:\Xcalibur\methods\oligo_htcs,CCT GCA TCG AAT GGA TCC GTG TCA AGG TCG CAG CTG CGC,-F 1000 -L +2000,sequence=idt
412060-141-700,C:\Xcalibur\data\Novatia\030915\p1,C:\Xcalibur\methods\oligo_htcs,,C_359,A5,CStk1-01:5,20,C:\Xcalibur\methods\oligo_htcs,CCT GCA TCG AAT GGA TCC GTG ACA ACC AAG CAG CTG CGC,-F 1000 -L +2000,sequence=idt
412060-142-700,C:\Xcalibur\data\Novatia\030915\p1,C:\Xcalibur\methods\oligo_htcs,,C_360,A6,CStk1-01:6,20,C:\Xcalibur\methods\oligo_htcs,CCT GCA TCG AAT GGA TCC GTG ACC TCC GAG CAG CTG CGC,-F 1000 -L +2000,sequence=idt
412060-143-700,C:\Xcalibur\data\Novatia\030915\p1,C:\Xcalibur\methods\oligo_htcs,,C_361,A7,CStk1-01:7,20,C:\Xcalibur\methods\oligo_htcs,CCT GCA TCG AAT GGA TCC GTG GCC TAG AAG CAG CTG CGC,-F 1000 -L +2000,sequence=idt
412060-144-700,C:\Xcalibur\data\Novatia\030915\p1,C:\Xcalibur\methods\oligo_htcs,,C_362,A8,CStk1-01:8,20,C:\Xcalibur\methods\oligo_htcs,CCT GCA TCG AAT GGA TCC GTG TCT GTA CGG CAG CTG CGC,-F 1000 -L +2000,sequence=idt
412060-145-700,C:\Xcalibur\data\Novatia\030915\p1,C:\Xcalibur\methods\oligo_htcs,,C_363,A9,CStk1-01:9,20,C:\Xcalibur\methods\oligo_htcs,CCT GCA TCG AAT GGA TCC GTG GTT ACT TCG CAG CTG CGC,-F 1000 -L +2000,sequence=idt
412060-146-700,C:\Xcalibur\data\Novatia\030915\p1,C:\Xcalibur\methods\oligo_htcs,,C_364,A10,CStk1-01:10,20,C:\Xcalibur\methods\oligo_htcs,CCT GCA TCG AAT GGA TCC GTG AGC TCG ACG CAG CTG CGC,-F 1000 -L +2000,sequence=idt
412060-147-700,C:\Xcalibur\data\Novatia\030915\p1,C:\Xcalibur\methods\oligo_htcs,,C_365,A11,CStk1-01:11,20,C:\Xcalibur\methods\oligo_htcs,CCT GCA TCG AAT GGA TCC GTG AGT AGC CGG CAG CTG CGC,-F 1000 -L +2000,sequence=idt
412060-148-700,C:\Xcalibur\data\Novatia\030915\p1,C:\Xcalibur\methods\oligo_htcs,,C_366,A12,CStk1-01:12,20,C:\Xcalibur\methods\oligo_htcs,CCT GCA TCG AAT GGA TCC GTG ACA CAC GCG CAG CTG CGC,-F 1000 -L +2000,sequence=idt
412060-149-700,C:\Xcalibur\data\Novatia\030915\p1,C:\Xcalibur\methods\oligo_htcs,,C_367,B1,CStk1-01:13,20,C:\Xcalibur\methods\oligo_htcs,CCT GCA TCG AAT GGA TCC GTG GTA GCG ATG CAG CTG CGC,-F 1000 -L +2000,sequence=idt
412060-150-700,C:\Xcalibur\data\Novatia\030915\p1,C:\Xcalibur\methods\oligo_htcs,,C_368,B2,CStk1-01:14,20,C:\Xcalibur\methods\oligo_htcs,CCT GCA TCG AAT GGA TCC GTG CTT AGG AGG CAG CTG CGC,-F 1000 -L +2000,sequence=idt
412060-151-700,C:\Xcalibur\data\Novatia\030915\p1,C:\Xcalibur\methods\oligo_htcs,,C_369,B3,CStk1-01:15,20,C:\Xcalibur\methods\oligo_htcs,CCT GCA TCG AAT GGA TCC GTG CCG CAT GAG CAG CTG CGC,-F 1000 -L +2000,sequence=idt
412060-152-700,C:\Xcalibur\data\Novatia\030915\p1,C:\Xcalibur\methods\oligo_htcs,,C_370,B4,CStk1-01:16,20,C:\Xcalibur\methods\oligo_htcs,CCT GCA TCG AAT GGA TCC GTG TCA GCG AGG CAG CTG CGC,-F 1000 -L +2000,sequence=idt
412052-1-7,C:\Xcalibur\data\Novatia\030915\p1,C:\Xcalibur\methods\oligo_htcs,,MNS-F7.1,B5,CStk1-01:17,20,C:\Xcalibur\methods\oligo_htcs,TAC ATT GAA ATT TTG CTT TAT AGG AGA GAC,-F 1000 -L +2000,sequence=idt
412070-1-91,C:\Xcalibur\data\Novatia\030915\p1,C:\Xcalibur\methods\oligo_htcs,,F3985,B6,CStk1-01:18,20,C:\Xcalibur\methods\oligo_htcs,CGG AGT ATT GGG ACC GGG AG,-F 1000 -L +2000,sequence=idt
412070-2-91,C:\Xcalibur\data\Novatia\030915\p1,C:\Xcalibur\methods\oligo_htcs,,F4022,B7,CStk1-01:19,20,C:\Xcalibur\methods\oligo_htcs,GCC GCG AGT CCG AGA GA,-F 1000 -L +2000,sequence=idt
412070-3-91,C:\Xcalibur\data\Novatia\030915\p1,C:\Xcalibur\methods\oligo_htcs,,F4241,B8,CStk1-01:20,20,C:\Xcalibur\methods\oligo_htcs,GGG CCA GGG TCT CAC ATC A,-F 1000 -L +2000,sequence=idt
412070-4-91,C:\Xcalibur\data\Novatia\030915\p1,C:\Xcalibur\methods\oligo_htcs,,F4256,B9,CStk1-01:21,20,C:\Xcalibur\methods\oligo_htcs,GCG AGT CCG AGG ATG GC,-F 1000 -L +2000,sequence=idt
412070-5-91,C:\Xcalibur\data\Novatia\030915\p1,C:\Xcalibur\methods\oligo_htcs,,F4262,B10,CStk1-01:22,20,C:\Xcalibur\methods\oligo_htcs,TGG ACC ACG GCG GAC ACC,-F 1000 -L +2000,sequence=idt
412070-6-91,C:\Xcalibur\data\Novatia\030915\p1,C:\Xcalibur\methods\oligo_htcs,,F4295,B11,CStk1-01:23,20,C:\Xcalibur\methods\oligo_htcs,CGC CAC GAG TCC GAG GAA,-F 1000 -L +2000,sequence=idt
412070-7-91,C:\Xcalibur\data\Novatia\030915\p1,C:\Xcalibur\methods\oligo_htcs,,F4318,B12,CStk1-01:24,20,C:\Xcalibur\methods\oligo_htcs,GGG TCA GGG TCT CAC ACT TGG,-F 1000 -L +2000,sequence=idt
412070-8-91,C:\Xcalibur\data\Novatia\030915\p1,C:\Xcalibur\methods\oligo_htcs,,F4319,C1,CStk1-01:25,20,C:\Xcalibur\methods\oligo_htcs,GGG TCA GGG TCT CAC ACT GGG,-F 1000 -L +2000,sequence=idt
412070-9-91,C:\Xcalibur\data\Novatia\030915\p1,C:\Xcalibur\methods\oligo_htcs,,F4339,C2,CStk1-01:26,20,C:\Xcalibur\methods\oligo_htcs,GGG GCC AGG GTC TCA CAT,-F 1000 -L +2000,sequence=idt
412070-10-91,C:\Xcalibur\data\Novatia\030915\p1,C:\Xcalibur\methods\oligo_htcs,,F5122,C3,CStk1-01:27,20,C:\Xcalibur\methods\oligo_htcs,CCC CGG GCA CCA TGG A,-F 1000 -L +2000,sequence=idt
412070-11-91,C:\Xcalibur\data\Novatia\030915\p1,C:\Xcalibur\methods\oligo_htcs,,F5180,C4,CStk1-01:28,20,C:\Xcalibur\methods\oligo_htcs,TGG GAG GCG GCT CGT GA,-F 1000 -L +2000,sequence=idt
412070-12-91,C:\Xcalibur\data\Novatia\030915\p1,C:\Xcalibur\methods\oligo_htcs,,F5188,C5,CStk1-01:29,20,C:\Xcalibur\methods\oligo_htcs,GGA CCG GAA CAC ACA GAT CTT,-F 1000 -L +2000,sequence=idt
412070-13-91,C:\Xcalibur\data\Novatia\030915\p1,C:\Xcalibur\methods\oligo_htcs,,F5189,C6,CStk1-01:30,20,C:\Xcalibur\methods\oligo_htcs,GGA CCG GAA CAC ACA AAT CTT,-F 1000 -L +2000,sequence=idt
412070-14-91,C:\Xcalibur\data\Novatia\030915\p1,C:\Xcalibur\methods\oligo_htcs,,F5190,C7,CStk1-01:31,20,C:\Xcalibur\methods\oligo_htcs,GGA CCG GAA CAC ACA GAT CTA,-F 1000 -L +2000,sequence=idt
412070-15-91,C:\Xcalibur\data\Novatia\030915\p1,C:\Xcalibur\methods\oligo_htcs,,F5191,C8,CStk1-01:32,20,C:\Xcalibur\methods\oligo_htcs,GGA CCG GAA CAC ACA AAT CTA,-F 1000 -L +2000,sequence=idt
412070-16-91,C:\Xcalibur\data\Novatia\030915\p1,C:\Xcalibur\methods\oligo_htcs,,F5192,C9,CStk1-01:33,20,C:\Xcalibur\methods\oligo_htcs,GGA CCG GAA CAC ACA GAT CTG,-F 1000 -L +2000,sequence=idt
412070-17-91,C:\Xcalibur\data\Novatia\030915\p1,C:\Xcalibur\methods\oligo_htcs,,F5193,C10,CStk1-01:34,20,C:\Xcalibur\methods\oligo_htcs,GGA CCG GAA CAC ACA AAT CTG,-F 1000 -L +2000,sequence=idt
412070-18-91,C:\Xcalibur\data\Novatia\030915\p1,C:\Xcalibur\methods\oligo_htcs,,F5198,C11,CStk1-01:35,20,C:\Xcalibur\methods\oligo_htcs,GGG CGT CAT GGA TAG AGC AG,-F 1000 -L +2000,sequence=idt
412070-19-91,C:\Xcalibur\data\Novatia\030915\p1,C:\Xcalibur\methods\oligo_htcs,,F5199,C12,CStk1-01:36,20,C:\Xcalibur\methods\oligo_htcs,GGA GCC CCG CTT CAT TAC A,-F 1000 -L +2000,sequence=idt
412070-20-91,C:\Xcalibur\data\Novatia\030915\p1,C:\Xcalibur\methods\oligo_htcs,,F5201,D1,CStk1-01:37,20,C:\Xcalibur\methods\oligo_htcs,ACC GAG AGA GCC TGC GGA A,-F 1000 -L +2000,sequence=idt
412070-21-91,C:\Xcalibur\data\Novatia\030915\p1,C:\Xcalibur\methods\oligo_htcs,,F5208,D2,CStk1-01:38,20,C:\Xcalibur\methods\oligo_htcs,GGG CCA GGG TCT CAC ACT C,-F 1000 -L +2000,sequence=idt
412070-22-91,C:\Xcalibur\data\Novatia\030915\p1,C:\Xcalibur\methods\oligo_htcs,,F5209,D3,CStk1-01:39,20,C:\Xcalibur\methods\oligo_htcs,GGA GCC AGA GTC TCA CAC CC,-F 1000 -L +2000,sequence=idt
412070-23-91,C:\Xcalibur\data\Novatia\030915\p1,C:\Xcalibur\methods\oligo_htcs,,F5221,D4,CStk1-01:40,20,C:\Xcalibur\methods\oligo_htcs,GTG GGA GGC GGC TCG TGT,-F 1000 -L +2000,sequence=idt
412070-24-91,C:\Xcalibur\data\Novatia\030915\p1,C:\Xcalibur\methods\oligo_htcs,,F5227,D5,CStk1-01:41,20,C:\Xcalibur\methods\oligo_htcs,GGA CCG GAA CAC ACA GAT CTC,-F 1000 -L +2000,sequence=idt
412070-25-91,C:\Xcalibur\data\Novatia\030915\p1,C:\Xcalibur\methods\oligo_htcs,,F5231,D6,CStk1-01:42,20,C:\Xcalibur\methods\oligo_htcs,GGA GTA TTG GGA CGG GGA G,-F 1000 -L +2000,sequence=idt
412070-26-91,C:\Xcalibur\data\Novatia\030915\p1,C:\Xcalibur\methods\oligo_htcs,,F5233,D7,CStk1-01:43,20,C:\Xcalibur\methods\oligo_htcs,CAC TCC ATG AGG TAT TTC TAC ATC G,-F 1000 -L +2000,sequence=idt
412070-27-91,C:\Xcalibur\data\Novatia\030915\p1,C:\Xcalibur\methods\oligo_htcs,,F5234,D8,CStk1-01:44,20,C:\Xcalibur\methods\oligo_htcs,CTC CAT GAG GTA TTT CGA CAT CG,-F 1000 -L +2000,sequence=idt
412070-28-91,C:\Xcalibur\data\Novatia\030915\p1,C:\Xcalibur\methods\oligo_htcs,,F5235,D9,CStk1-01:45,20,C:\Xcalibur\methods\oligo_htcs,CTC CAT GAG GTA TTT CCA CAT CG,-F 1000 -L +2000,sequence=idt
412070-29-91,C:\Xcalibur\data\Novatia\030915\p1,C:\Xcalibur\methods\oligo_htcs,,F5238,D10,CStk1-01:46,20,C:\Xcalibur\methods\oligo_htcs,CCA CTC CAT GAG GTA TTT CTA CAT CT,-F 1000 -L +2000,sequence=idt
412070-30-91,C:\Xcalibur\data\Novatia\030915\p1,C:\Xcalibur\methods\oligo_htcs,,F5239,D11,CStk1-01:47,20,C:\Xcalibur\methods\oligo_htcs,ACT CCA TGA GGT ATT TCG ACA TCT,-F 1000 -L +2000,sequence=idt
412070-31-91,C:\Xcalibur\data\Novatia\030915\p1,C:\Xcalibur\methods\oligo_htcs,,F5240,D12,CStk1-01:48,20,C:\Xcalibur\methods\oligo_htcs,ACT CCA TGA GGT ATT TCC ACA TCT,-F 1000 -L +2000,sequence=idt
412070-32-91,C:\Xcalibur\data\Novatia\030915\p1,C:\Xcalibur\methods\oligo_htcs,,F5241,E1,CStk1-01:49,20,C:\Xcalibur\methods\oligo_htcs,GCT CCC ACT CCA TGA GGT ATC TCT,-F 1000 -L +2000,sequence=idt
412070-33-91,C:\Xcalibur\data\Novatia\030915\p1,C:\Xcalibur\methods\oligo_htcs,,R3978,E2,CStk1-01:50,20,C:\Xcalibur\methods\oligo_htcs,GCT CTG GTT GTA GTA GCG GA,-F 1000 -L +2000,sequence=idt
412070-34-91,C:\Xcalibur\data\Novatia\030915\p1,C:\Xcalibur\methods\oligo_htcs,,R3983,E3,CStk1-01:51,20,C:\Xcalibur\methods\oligo_htcs,TGT AGT AGC CGC GCA GGT,-F 1000 -L +2000,sequence=idt
412070-35-91,C:\Xcalibur\data\Novatia\030915\p1,C:\Xcalibur\methods\oligo_htcs,,R4219,E4,CStk1-01:52,20,C:\Xcalibur\methods\oligo_htcs,CCA GCG CGC TCC AGC T,-F 1000 -L +2000,sequence=idt
412070-36-91,C:\Xcalibur\data\Novatia\030915\p1,C:\Xcalibur\methods\oligo_htcs,,R4224,E5,CStk1-01:53,20,C:\Xcalibur\methods\oligo_htcs,GCA GGT TCC GCA GGC TCT,-F 1000 -L +2000,sequence=idt
412070-37-91,C:\Xcalibur\data\Novatia\030915\p1,C:\Xcalibur\methods\oligo_htcs,,R4240,E6,CStk1-01:54,20,C:\Xcalibur\methods\oligo_htcs,CCA GGT ATC TGC GGA GCG,-F 1000 -L +2000,sequence=idt
412070-38-91,C:\Xcalibur\data\Novatia\030915\p1,C:\Xcalibur\methods\oligo_htcs,,R4263,E7,CStk1-01:55,20,C:\Xcalibur\methods\oligo_htcs,ACC CAC GCG CTC CAG TGT G,-F 1000 -L +2000,sequence=idt
412070-39-91,C:\Xcalibur\data\Novatia\030915\p1,C:\Xcalibur\methods\oligo_htcs,,R4301,E8,CStk1-01:56,20,C:\Xcalibur\methods\oligo_htcs,GTT TCG CAG GCT CTC TCG GTC,-F 1000 -L +2000,sequence=idt
412070-40-91,C:\Xcalibur\data\Novatia\030915\p1,C:\Xcalibur\methods\oligo_htcs,,R5186,E9,CStk1-01:57,20,C:\Xcalibur\methods\oligo_htcs,GTC ACT CAC CGT CCT CGC,-F 1000 -L +2000,sequence=idt
412070-41-91,C:\Xcalibur\data\Novatia\030915\p1,C:\Xcalibur\methods\oligo_htcs,,R5204,E10,CStk1-01:58,20,C:\Xcalibur\methods\oligo_htcs,CTG GGT GAT CTG AGC CGT GG,-F 1000 -L +2000,sequence=idt
412070-42-91,C:\Xcalibur\data\Novatia\030915\p1,C:\Xcalibur\methods\oligo_htcs,,R5205,E11,CStk1-01:59,20,C:\Xcalibur\methods\oligo_htcs,CTG GGT GAT CTG AGC CGC G,-F 1000 -L +2000,sequence=idt
412070-43-91,C:\Xcalibur\data\Novatia\030915\p1,C:\Xcalibur\methods\oligo_htcs,,R5212,E12,CStk1-01:60,20,C:\Xcalibur\methods\oligo_htcs,TAA TCC TTG CCG TCG TAA GCT,-F 1000 -L +2000,sequence=idt
412070-44-91,C:\Xcalibur\data\Novatia\030915\p1,C:\Xcalibur\methods\oligo_htcs,,R5213,F1,CStk1-01:61,20,C:\Xcalibur\methods\oligo_htcs,CCG TCG TAG GCT AAC TGG TT,-F 1000 -L +2000,sequence=idt
412070-45-91,C:\Xcalibur\data\Novatia\030915\p1,C:\Xcalibur\methods\oligo_htcs,,R5214,F2,CStk1-01:62,20,C:\Xcalibur\methods\oligo_htcs,ACG TCG CAG CCG TAC ATC G,-F 1000 -L +2000,sequence=idt
412070-46-91,C:\Xcalibur\data\Novatia\030915\p1,C:\Xcalibur\methods\oligo_htcs,,R5215,F3,CStk1-01:63,20,C:\Xcalibur\methods\oligo_htcs,CAC GTC GCA GCC ATA CAT CG,-F 1000 -L +2000,sequence=idt
412070-47-91,C:\Xcalibur\data\Novatia\030915\p1,C:\Xcalibur\methods\oligo_htcs,,R5220,F4,CStk1-01:64,20,C:\Xcalibur\methods\oligo_htcs,GTT CTT CAG GTA TCT GCG GAG TG,-F 1000 -L +2000,sequence=idt
412070-48-91,C:\Xcalibur\data\Novatia\030915\p1,C:\Xcalibur\methods\oligo_htcs,,R5224,F5,CStk1-01:65,20,C:\Xcalibur\methods\oligo_htcs,CCA GGT ATC TGC GGA GCC A,-F 1000 -L +2000,sequence=idt
412070-49-91,C:\Xcalibur\data\Novatia\030915\p1,C:\Xcalibur\methods\oligo_htcs,,R5225,F6,CStk1-01:66,20,C:\Xcalibur\methods\oligo_htcs,TCC AGG TAT CTG CGG AAC CA,-F 1000 -L +2000,sequence=idt
412070-50-91,C:\Xcalibur\data\Novatia\030915\p1,C:\Xcalibur\methods\oligo_htcs,,R5232,F7,CStk1-01:67,20,C:\Xcalibur\methods\oligo_htcs,GGC GTC GCT GTC GAA CCT,-F 1000 -L +2000,sequence=idt
412070-51-91,C:\Xcalibur\data\Novatia\030915\p1,C:\Xcalibur\methods\oligo_htcs,,R5242,F8,CStk1-01:68,20,C:\Xcalibur\methods\oligo_htcs,GCT GTT GAA CCT CAC GAA CTG G,-F 1000 -L +2000,sequence=idt
412070-52-91,C:\Xcalibur\data\Novatia\030915\p1,C:\Xcalibur\methods\oligo_htcs,,R5246,F9,CStk1-01:69,20,C:\Xcalibur\methods\oligo_htcs,TGG TTG TAG TAG CGG AGT GCG A,-F 1000 -L +2000,sequence=idt
412070-53-91,C:\Xcalibur\data\Novatia\030915\p1,C:\Xcalibur\methods\oligo_htcs,,R5248,F10,CStk1-01:70,20,C:\Xcalibur\methods\oligo_htcs,AGC AGG GTC CGC AGG TCT T,-F 1000 -L +2000,sequence=idt
412070-54-91,C:\Xcalibur\data\Novatia\030915\p1,C:\Xcalibur\methods\oligo_htcs,,R5249,F11,CStk1-01:71,20,C:\Xcalibur\methods\oligo_htcs,GAG CAG AGT CCG CAG GTC CT,-F 1000 -L +2000,sequence=idt
412070-57-91,C:\Xcalibur\data\Novatia\030915\p1,C:\Xcalibur\methods\oligo_htcs,,F4043,F12,CStk1-01:72,20,C:\Xcalibur\methods\oligo_htcs,GCC TTC CCA ACC ATT CCC TTA,-F 1000 -L +2000,sequence=idt
412070-58-91,C:\Xcalibur\data\Novatia\030915\p1,C:\Xcalibur\methods\oligo_htcs,,R4044,G1,CStk1-01:73,20,C:\Xcalibur\methods\oligo_htcs,GTC GGG AAA AAC CCT GAG C,-F 1000 -L +2000,sequence=idt
412074-1-4,C:\Xcalibur\data\Novatia\030915\p1,C:\Xcalibur\methods\oligo_htcs,,beta-actin F1,G2,CStk1-01:74,20,C:\Xcalibur\methods\oligo_htcs,ACT CGT CAT ACT CCT GCT TGC,-F 1000 -L +2000,sequence=idt
412074-2-4,C:\Xcalibur\data\Novatia\030915\p1,C:\Xcalibur\methods\oligo_htcs,,beta-actin F1,G3,CStk1-01:75,20,C:\Xcalibur\methods\oligo_htcs,ACT CGT CAT ACT CCT GCT TGC,-F 1000 -L +2000,sequence=idt
412074-3-4,C:\Xcalibur\data\Novatia\030915\p1,C:\Xcalibur\methods\oligo_htcs,,beta-actin R1,G4,CStk1-01:76,20,C:\Xcalibur\methods\oligo_htcs,CCT CCT CAG ATC ATT GCT CCT C,-F 1000 -L +2000,sequence=idt
412074-4-4,C:\Xcalibur\data\Novatia\030915\p1,C:\Xcalibur\methods\oligo_htcs,,beta-actin R1,G5,CStk1-01:77,20,C:\Xcalibur\methods\oligo_htcs,CCT CCT CAG ATC ATT GCT CCT C,-F 1000 -L +2000,sequence=idt
412075-1-6,C:\Xcalibur\data\Novatia\030915\p1,C:\Xcalibur\methods\oligo_htcs,,EF1-1018F,G6,CStk1-01:78,20,C:\Xcalibur\methods\oligo_htcs,GAY TTC ATC AAG AAC ATG AT,-F 1000 -L +2000,sequence=idt
412075-2-6,C:\Xcalibur\data\Novatia\030915\p1,C:\Xcalibur\methods\oligo_htcs,,EF1-1620R,G7,CStk1-01:79,20,C:\Xcalibur\methods\oligo_htcs,GAC GTT GAA DCC RAC RTT GTC,-F 1000 -L +2000,sequence=idt
412075-3-6,C:\Xcalibur\data\Novatia\030915\p1,C:\Xcalibur\methods\oligo_htcs,,ITS1LM,G8,CStk1-01:80,20,C:\Xcalibur\methods\oligo_htcs,GAA CCT GCG GAA GGA TCA TT,-F 1000 -L +2000,sequence=idt
412075-4-6,C:\Xcalibur\data\Novatia\030915\p1,C:\Xcalibur\methods\oligo_htcs,,ITS2KL,G9,CStk1-01:81,20,C:\Xcalibur\methods\oligo_htcs,ATG CTT AAG TTC AGC GGG TA,-F 1000 -L +2000,sequence=idt
412075-5-6,C:\Xcalibur\data\Novatia\030915\p1,C:\Xcalibur\methods\oligo_htcs,,Tsr1- ParmF2-KM,G10,CStk1-01:82,20,C:\Xcalibur\methods\oligo_htcs,TYG CWC GGG AAC GAC TTG CAC G,-F 1000 -L +2000,sequence=idt
412075-6-6,C:\Xcalibur\data\Novatia\030915\p1,C:\Xcalibur\methods\oligo_htcs,,Tsr1-ParmR1-KM,G11,CStk1-01:83,20,C:\Xcalibur\methods\oligo_htcs,ACA GCT GCA RRG CCT TGA ACC ACT,-F 1000 -L +2000,sequence=idt
412076-1-6,C:\Xcalibur\data\Novatia\030915\p1,C:\Xcalibur\methods\oligo_htcs,,FGF2 P3 Forward,G12,CStk1-01:84,20,C:\Xcalibur\methods\oligo_htcs,CTA AAC GTG GTT TGG GTG GT,-F 1000 -L +2000,sequence=idt
412076-2-6,C:\Xcalibur\data\Novatia\030915\p1,C:\Xcalibur\methods\oligo_htcs,,FGF2 P3 Reverse,H1,CStk1-01:85,20,C:\Xcalibur\methods\oligo_htcs,CTA CTC GCT CGG GTT TTC TG,-F 1000 -L +2000,sequence=idt
412076-3-6,C:\Xcalibur\data\Novatia\030915\p1,C:\Xcalibur\methods\oligo_htcs,,TNF P4 Forward,H2,CStk1-01:86,20,C:\Xcalibur\methods\oligo_htcs,GGG AGT GTG AGG GGT ATC CT,-F 1000 -L +2000,sequence=idt
412076-4-6,C:\Xcalibur\data\Novatia\030915\p1,C:\Xcalibur\methods\oligo_htcs,,TNF P4 Reverse,H3,CStk1-01:87,20,C:\Xcalibur\methods\oligo_htcs,AAC CAG CGG AAA ACT TCC TT,-F 1000 -L +2000,sequence=idt
412076-5-6,C:\Xcalibur\data\Novatia\030915\p1,C:\Xcalibur\methods\oligo_htcs,,CXCL1 P1 Forward,H4,CStk1-01:88,20,C:\Xcalibur\methods\oligo_htcs,CAG AAG GCG AAT ATC CCA GA,-F 1000 -L +2000,sequence=idt
412076-6-6,C:\Xcalibur\data\Novatia\030915\p1,C:\Xcalibur\methods\oligo_htcs,,CXCL1 P1 Reverse,H5,CStk1-01:89,20,C:\Xcalibur\methods\oligo_htcs,ACC CCT TTT ATG CAT GGT TG,-F 1000 -L +2000,sequence=idt
412077-1-4,C:\Xcalibur\data\Novatia\030915\p1,C:\Xcalibur\methods\oligo_htcs,,T7-EXT,H6,CStk1-01:90,20,C:\Xcalibur\methods\oligo_htcs,ATT AAT ACG ACT CAC TAT AGG G,-F 1000 -L +2000,sequence=idt
412077-2-4,C:\Xcalibur\data\Novatia\030915\p1,C:\Xcalibur\methods\oligo_htcs,,RASEx4ex3,H7,CStk1-01:91,20,C:\Xcalibur\methods\oligo_htcs,CGT TTG ATC TGC TCC TGT AC,-F 1000 -L +2000,sequence=idt
412077-3-4,C:\Xcalibur\data\Novatia\030915\p1,C:\Xcalibur\methods\oligo_htcs,,SRRM2 exon 1F,H8,CStk1-01:92,20,C:\Xcalibur\methods\oligo_htcs,CCG AGG GAC TCG GGA GC,-F 1000 -L +2000,sequence=idt
412077-4-4,C:\Xcalibur\data\Novatia\030915\p1,C:\Xcalibur\methods\oligo_htcs,,SRRM2 exon 3 R,H9,CStk1-01:93,20,C:\Xcalibur\methods\oligo_htcs,CCC CAG GGT TCA CAT CCT TC,-F 1000 -L +2000,sequence=idt
412051-1-8,C:\Xcalibur\data\Novatia\030915\p1,C:\Xcalibur\methods\oligo_htcs,,MultiTSO-T_for,H10,CStk1-01:94,20,C:\Xcalibur\methods\oligo_htcs,CAT TTC CGT GTC GCC CTT ATT C,-F 1000 -L +2000,sequence=idt
